﻿<Roles>
  <Role Name=":motiondetector:" />
  <Role Name=":tv:" />
  <Role Name=":speaker:" />
  <Role Name=":dvdplayer:" />
  <Role Name=":thermostat:" />
  <Role Name=":microphone:" />
  <Role Name=":lock:" />
  <Role Name=":windowshades:"/>
  <Role Name=":sensor:"/>  
  <Role Name=":switchmultilevel:" />
  <Role Name=":camera:"/>
  <Role Name=":dummy:"/>
  <Role Name=":switchbinary:"/>
  <Role Name=":huebridge:"/>
  <Role Name=":couch:" /> 
  <Role Name=":doorjamb:" />
  <Role Name=":depthcam:" />
  <Role Name=":skeletontracker:" />
  <Role Name=":actuator:" />
  <Role Name=":sensormultilevel:"/>
</Roles>